= , Grafo #, Algoritmo, Centros, Raio, Tempo (ms), Calculador
( , 1,MST V1,[97|67|11|32|95],187,34,Leo
5 , 2,MST V1,[70|4|8|80|72|74|59|66|93|44],119,14,Leo
7 , 3,MST V1,[50|84|95|76|16|25|37|98|65|86],123,11,Leo
Q , 4,MST V1,[95|39|4|6|9|11|23|80|25|88|28|63|34|41|87|52|61|78|82|92],93,10,Leo
u , 5,MST V1,[0|93|3|4|6|8|50|18|11|12|71|40|20|22|24|25|27|31|74|53|36|37|42|48|52|57|69|79|81|83|84|94|97],51,9,Leo
  , 6,MST V1,[110|125|52|15|113],103,143,Leo
< , 7,MST V1,[143|9|162|179|48|172|182|52|41|103],90,112,Leo
\ , 8,MST V1,[0|128|69|160|188|158|9|64|12|20|190|175|98|34|38|125|45|198|182|193],75,77,Leo
� , 9,MST V1,[0|17|75|48|108|177|64|18|89|28|20|22|24|113|85|31|133|35|36|38|40|49|128|53|54|57|60|68|79|157|171|87|91|142|165|175|180|191|196|199],46,55,Leo
� , 10,MST V1,[0|58|2|120|4|151|60|150|84|10|82|86|14|16|18|190|79|140|30|32|35|111|176|41|42|43|44|171|47|48|49|50|63|64|67|68|71|74|80|89|96|97|99|100|105|113|116|122|123|124|127|136|134|143|144|145|147|155|158|165|167|179|182|183|191|192|198],21,73,Leo
- , 11,MST V1,[162|145|39|117|223],68,538,Leo
= , 12,MST V1,[32|206|27|234|82|190|88|94|236|299],69,300,Leo
� , 13,MST V1,[1|183|17|46|37|222|118|26|270|61|278|97|292|162|44|73|186|70|112|245|84|107|130|91|283|105|124|189|201|243],48,211,Leo
� , 14,MST V1,[0|15|129|52|284|101|6|153|237|291|11|275|262|111|56|21|22|264|174|73|193|65|195|35|125|278|122|44|90|51|252|59|60|269|207|69|70|250|227|93|170|106|110|192|114|120|121|145|136|137|139|149|175|204|208|258|282|289|293|298],31,172,Leo
� , 15,MST V1,[0|3|4|5|206|74|9|10|57|16|17|80|123|21|286|23|139|271|26|165|28|31|48|213|35|36|37|204|43|44|45|269|49|50|132|61|56|253|168|65|212|68|91|72|76|78|175|82|245|86|158|98|99|103|104|105|254|203|120|256|125|293|131|134|287|137|140|141|148|156|157|159|160|163|167|298|176|177|178|198|184|188|191|194|201|208|210|214|275|219|220|227|235|240|242|243|247|273|289|295],19,163,Leo
. , 16,MST V1,[143|200|29|133|288],68,1407,Leo
A , 17,MST V1,[154|115|147|316|119|132|265|45|103|399],58,770,Leo
� , 18,MST V1,[359|32|215|84|230|120|269|323|228|241|19|111|57|308|248|389|336|306|190|61|352|88|96|87|76|226|85|98|322|300|135|165|194|387|225|244|337|374|391|399],38,425,Leo
> , 19,MST V1,[35|136|28|222|4|46|39|173|247|99|12|13|79|324|19|326|374|25|26|27|31|51|186|120|211|251|38|372|41|48|49|124|272|295|176|59|160|66|70|72|82|75|110|85|183|262|90|359|230|106|107|128|305|133|135|137|310|206|151|154|156|175|351|185|187|191|196|202|205|219|234|337|241|277|265|292|327|342|345|399],21,380,Leo
    , 20,MST V1,[18|242|330|221|364|333|335|7|25|122|120|70|13|14|179|214|43|392|21|34|160|203|28|198|304|383|33|36|151|395|39|292|185|291|126|391|251|85|55|60|61|63|64|172|287|356|69|181|72|372|74|75|76|77|78|79|227|82|169|86|88|89|90|91|183|97|99|100|101|165|103|104|106|108|111|397|121|124|146|148|136|137|357|162|158|167|173|316|178|182|341|230|191|193|331|195|199|205|212|226|232|238|239|243|246|252|262|263|264|265|270|271|273|275|282|290|297|298|300|320|328|332|337|338|342|347|355|363|366|370|373|389|399],14,347,Leo
/ , 21,MST V1,[124|422|489|276|383],52,2505,Leo
A , 22,MST V1,[380|486|444|243|60|108|352|316|94|460],50,2222,Leo
� , 23,MST V1,[59|135|317|141|301|78|483|387|9|214|383|405|251|163|425|176|27|475|29|471|35|164|40|124|49|92|179|380|493|340|302|419|386|80|356|306|401|341|276|165|182|186|349|415|206|266|422|311|332|346],30,748,Leo
� , 24,MST V1,[144|132|202|3|6|217|199|272|72|10|164|159|194|314|490|41|317|155|54|412|389|234|392|29|31|32|34|36|114|294|40|44|45|168|436|51|52|281|60|363|338|165|64|94|336|324|150|197|477|249|289|468|362|322|240|120|128|133|134|291|147|297|156|172|185|195|493|200|203|206|421|219|228|246|247|248|253|259|266|268|343|400|369|299|312|330|351|411|358|367|377|385|391|393|435|418|423|481|496|499],18,679,Leo
� , 25,MST V1,[181|1|361|216|32|129|409|73|8|9|10|11|231|13|395|251|17|18|392|289|297|26|426|360|29|237|31|489|390|130|37|137|336|312|158|43|331|438|329|49|50|133|311|53|55|191|352|84|63|60|391|65|66|67|70|363|75|76|78|79|264|81|82|487|221|91|96|99|101|104|105|106|196|412|114|115|116|118|313|122|123|124|127|186|138|139|142|332|326|146|147|149|151|152|159|161|166|168|172|177|180|182|254|230|194|380|483|200|203|369|211|220|224|227|232|239|240|248|337|258|259|261|265|266|368|276|277|280|284|294|296|298|301|323|308|309|319|325|341|355|362|364|365|366|367|382|384|393|394|416|419|421|422|424|439|445|450|451|452|457|460|463|475|481|494|497|499],13,669,Leo
. , 26,MST V1,[418|224|468|86|463],46,5102,Leo
B , 27,MST V1,[179|191|364|103|15|160|122|521|414|547],44,2702,Leo
 , 28,MST V1,[0|578|379|81|240|115|165|502|134|10|144|113|534|160|173|393|26|48|443|498|465|93|431|343|35|568|261|197|288|62|49|164|366|255|186|326|329|102|217|199|116|425|525|140|331|147|208|170|254|246|367|373|407|412|462|466|510|594|528|599],23,1261,Leo
 , 29,MST V1,[502|76|2|295|91|548|422|428|80|10|141|216|376|14|156|474|17|318|453|211|105|379|114|120|29|30|31|32|445|52|196|526|158|487|44|313|511|166|411|194|51|74|54|456|525|68|294|63|70|128|124|556|78|79|82|230|585|489|192|366|107|522|110|298|113|117|513|503|133|496|147|225|471|152|174|175|501|181|304|208|260|214|555|276|244|367|255|257|434|263|267|274|281|288|296|338|308|325|552|349|358|359|364|383|388|409|412|425|430|450|463|472|518|531|562|566|576|581|597|599],16,1137,Leo
  , 30,MST V1,[518|283|136|438|4|195|6|354|8|521|565|470|15|138|18|226|20|183|23|334|55|217|222|543|31|32|490|398|509|89|468|41|196|307|221|439|50|51|53|193|561|571|497|276|192|444|66|512|503|69|530|144|74|427|81|79|483|282|337|92|93|95|96|359|102|130|106|107|108|110|111|115|120|345|423|172|129|176|135|137|142|146|149|564|562|152|153|154|234|156|264|159|160|162|164|165|166|167|171|174|502|177|178|179|181|182|185|186|597|189|191|194|198|430|204|205|206|207|208|213|214|215|343|224|228|230|235|238|573|242|244|248|251|253|254|255|260|262|388|267|271|279|286|290|291|484|303|304|305|315|317|319|324|330|333|532|348|346|450|357|531|369|372|373|379|385|390|393|395|397|400|403|405|406|409|413|419|420|442|455|457|458|459|478|506|507|510|511|514|522|539|544|547|553|558|579|582|589|595|599],10,1233,Leo
. , 31,MST V1,[50|348|471|245|266],38,6278,Leo
A , 32,MST V1,[295|101|349|392|87|159|663|81|457|699],37,4213,Leo
* , 33,MST V1,[0|439|529|276|461|603|571|116|181|30|269|102|283|105|331|122|351|23|79|190|201|504|466|247|580|417|307|217|106|69|54|536|57|125|191|618|164|538|516|399|436|193|91|124|136|622|253|552|250|324|138|297|321|402|179|464|212|322|229|267|420|286|292|338|413|456|525|598|639|646],21,1935,Leo
0 , 34,MST V1,[0|1|326|412|67|5|184|406|351|57|199|499|315|94|107|17|698|377|20|112|467|239|660|26|313|30|458|127|120|110|434|37|263|39|40|150|266|350|436|48|49|51|54|55|56|541|189|366|70|685|452|76|171|342|80|172|89|495|97|579|179|215|378|207|472|565|505|226|612|121|124|489|267|139|140|155|392|474|411|680|161|334|176|173|287|357|178|367|192|195|197|203|507|270|336|554|237|257|353|260|262|265|498|306|309|316|318|323|329|335|337|346|359|362|409|548|615|413|414|432|446|448|455|462|469|475|487|504|510|514|564|582|641|646|650|653|663|677|681|699],14,1796,Leo
- , 35,MST V1,[31|522|99|241|629],36,8142,Leo
B , 36,MST V1,[84|130|703|143|619|221|308|682|400|799],37,6214,Leo
P , 37,MST V1,[0|608|795|386|329|84|134|190|468|662|518|498|639|703|289|41|716|768|196|314|368|793|28|77|31|213|79|39|293|170|379|339|377|358|373|743|168|89|566|80|604|596|565|679|100|627|495|482|593|116|395|381|125|356|787|391|138|472|439|206|214|222|224|521|360|605|352|354|306|323|771|500|599|621|642|654|696|740|775|788],20,2891,Leo
0 , 38,MST V1,[198|243|780|705|899],34,17808,Leo
B , 39,MST V1,[113|218|703|448|470|405|450|19|353|899],31,9996,Leo
t , 40,MST V1,[335|266|620|3|294|5|154|33|70|319|337|177|280|617|107|336|367|46|21|240|766|571|45|652|180|37|519|41|301|456|489|745|673|307|55|500|471|283|60|866|634|71|221|124|555|351|297|432|92|439|228|819|271|217|886|418|163|219|312|258|371|591|192|567|452|400|171|609|545|220|668|647|472|721|242|867|631|284|415|377|398|475|528|473|491|542|629|783|834|873],17,3991,Leo
( , 1,MST V2,[8|56|39|90|65],156,100,Leo
6 , 2,MST V2,[36|95|8|80|72|74|59|67|33|44],118,46,Leo
7 , 3,MST V2,[50|36|12|76|19|46|25|98|65|86],116,35,Leo
P , 4,MST V2,[1|39|4|6|9|11|23|80|25|88|28|63|34|41|48|86|61|78|82|92],87,19,Leo
w , 5,MST V2,[0|93|3|43|71|6|8|95|18|11|12|40|20|22|24|25|27|31|74|53|36|37|42|48|52|57|69|79|81|83|84|94|97],49,11,Leo
 , 6,MST V2,[144|43|12|58|146],111,1688,Leo
< , 7,MST V2,[130|9|162|179|65|55|182|142|41|103],77,925,Leo
_ , 8,MST V2,[158|128|69|160|28|63|12|132|20|137|175|98|125|38|45|50|65|198|193|199],68,368,Leo
� , 9,MST V2,[0|43|120|100|66|177|181|18|89|28|17|20|22|24|113|85|31|33|35|36|38|40|47|49|128|53|54|57|60|69|157|87|97|142|165|175|180|188|191|199],42,98,Leo
� , 10,MST V2,[54|31|2|3|4|151|60|150|84|10|38|86|14|16|18|71|79|25|120|140|128|30|32|35|176|41|42|43|44|171|47|48|49|50|61|63|64|67|68|74|80|89|96|97|105|113|116|122|123|124|127|136|134|143|144|145|147|155|158|165|167|179|182|191|192|198|199],21,60,Leo
/ , 11,MST V2,[159|117|58|146|230],71,14881,Leo
@ , 12,MST V2,[188|206|137|239|25|209|70|83|238|299],65,3671,Leo
� , 13,MST V2,[1|261|17|185|37|273|298|25|211|270|278|22|29|146|111|38|92|73|186|62|70|245|84|107|130|91|283|105|137|243],45,676,Leo
� , 14,MST V2,[0|15|129|52|284|101|6|49|237|85|11|275|262|111|281|21|22|195|264|174|186|65|35|278|115|44|90|51|252|59|60|269|132|207|69|106|250|227|153|93|273|170|110|192|114|120|121|136|137|139|149|175|204|208|258|274|282|292|293|298],29,227,Leo
~ , 15,MST V2,[0|3|4|5|206|74|9|10|57|16|17|80|123|21|22|23|139|271|26|165|28|31|48|213|35|36|37|204|43|44|45|269|49|50|132|61|56|253|64|65|212|68|91|72|76|78|175|82|245|86|158|98|99|103|104|254|203|120|256|125|293|131|134|287|137|140|141|148|156|157|159|160|163|167|298|176|177|178|179|198|184|188|191|194|201|208|210|214|275|219|220|227|235|240|242|243|247|273|289|295],19,185,Leo
 , 16,MST V2,[20|209|6|13|249],60,29971,Leo
C , 17,MST V2,[127|385|342|91|359|202|198|132|183|266],54,11380,Leo
� , 18,MST V2,[359|211|215|84|230|269|231|13|258|322|341|190|57|320|356|248|389|332|113|306|52|131|307|88|96|219|203|85|324|120|98|308|173|194|395|225|244|301|391|399],37,1265,Leo
C , 19,MST V2,[227|136|28|222|4|46|39|173|247|99|12|13|79|324|300|326|374|25|26|27|31|51|186|120|211|251|38|372|58|48|49|124|272|295|176|179|375|70|82|75|110|85|183|262|90|359|230|106|107|128|305|133|135|137|310|206|151|154|156|160|175|351|185|187|191|194|196|202|205|234|337|241|393|265|266|292|327|342|345|399],21,492,Leo
 , 20,MST V2,[18|242|330|221|4|333|335|7|25|122|120|70|13|14|179|215|43|21|34|160|203|28|198|304|383|33|36|151|395|39|292|185|291|126|391|251|85|55|60|61|63|64|172|287|356|69|181|72|372|74|75|76|77|78|79|227|82|169|86|88|89|90|91|183|97|99|100|101|165|103|104|106|108|111|397|116|121|124|146|148|136|158|357|162|167|173|316|178|182|341|230|191|193|331|195|199|205|212|226|232|238|239|243|246|252|262|263|264|265|270|271|273|275|282|283|290|297|298|300|320|328|332|337|338|342|347|355|363|366|370|373|389|399],14,355,Leo
/ , 21,MST V2,[269|126|55|160|232],51,64304,Leo
@ , 22,MST V2,[276|245|8|44|316|489|352|377|94|460],50,41604,Leo
� , 23,MST V2,[204|135|217|141|388|78|483|387|9|107|383|23|405|163|425|452|27|29|471|59|183|466|415|46|436|49|55|309|179|380|313|340|302|419|386|80|356|306|110|370|341|276|165|182|349|206|482|311|332|346],29,1905,Leo
� , 24,MST V2,[144|132|201|3|6|217|7|272|72|10|164|14|327|314|155|41|317|24|487|269|234|392|29|31|32|181|36|110|294|40|199|44|45|168|436|51|52|60|363|338|64|94|336|324|121|484|477|227|249|289|111|322|98|101|120|142|123|128|133|291|147|297|383|156|162|211|172|185|195|200|203|345|421|219|325|226|228|246|248|253|259|263|266|268|400|369|299|312|330|411|358|367|377|391|393|435|415|418|423|499],18,898,Leo
� , 25,MST V2,[181|1|361|216|32|129|409|74|9|10|11|231|395|251|17|18|392|23|297|26|339|360|29|30|31|489|390|130|37|137|336|312|158|43|331|438|329|49|50|133|311|53|55|191|352|84|63|60|391|65|66|67|70|363|75|215|78|79|264|81|82|487|221|91|96|99|101|104|105|106|196|412|114|115|116|118|313|122|123|124|127|186|138|139|142|332|469|146|147|149|151|152|159|161|166|168|172|177|180|182|254|230|194|380|483|200|203|369|211|220|224|227|232|236|239|240|248|337|258|259|261|265|266|368|276|277|284|286|294|296|298|301|323|308|309|319|325|341|355|362|364|365|366|367|378|384|393|394|416|419|421|422|424|439|445|450|451|452|457|460|463|467|475|481|494|497|499],12,733,Leo
1 , 26,MST V2,[294|201|285|157|462],46,148456,Leo
C , 27,MST V2,[323|164|596|344|556|329|579|229|45|232],42,73200,Leo
� , 28,MST V2,[35|578|379|98|240|115|165|502|323|10|350|113|534|258|173|45|393|25|527|443|85|43|93|431|67|36|79|197|585|577|396|49|50|271|186|474|366|521|329|104|595|399|102|217|199|378|147|170|208|235|246|425|452|367|373|412|462|466|552|599],22,2908,Leo
� , 29,MST V2,[155|76|350|295|91|548|494|8|583|10|11|216|376|14|156|389|17|318|116|211|105|379|120|29|30|31|32|213|52|196|526|158|487|44|313|254|166|411|194|192|122|456|525|57|143|294|63|70|128|124|556|146|79|87|82|230|368|489|515|366|107|522|110|111|113|114|115|117|245|513|503|133|496|147|225|152|160|175|501|181|304|208|260|555|235|244|367|255|257|434|263|267|274|281|288|296|338|308|471|552|358|359|383|388|396|409|412|425|430|450|463|472|518|531|562|566|576|581|597|599],15,1452,Leo
 , 30,MST V2,[518|283|136|438|4|195|6|354|8|521|565|470|15|138|18|226|20|183|23|334|337|217|222|543|31|32|490|398|509|89|40|41|196|307|221|439|50|51|53|193|561|571|497|276|280|444|66|67|503|69|70|144|74|427|81|79|483|282|92|93|96|359|102|130|106|107|108|110|111|114|115|116|120|122|423|172|129|176|135|137|142|146|149|564|562|152|153|154|234|156|264|160|162|164|165|166|167|171|174|502|177|178|179|182|185|186|597|189|191|194|198|430|204|205|206|207|208|213|214|215|343|224|228|230|235|238|573|242|244|246|248|251|316|254|255|260|262|388|267|278|279|286|290|484|303|304|305|315|317|319|530|324|330|333|532|348|524|450|357|531|369|373|379|385|390|393|395|397|400|403|405|406|409|418|419|420|442|455|457|458|459|478|496|504|506|507|510|511|514|522|539|544|547|553|557|558|582|589|595|599],10,1148,Leo
0 , 31,MST V2,[50|225|417|629|506],35,311694,Leo
E , 32,MST V2,[450|398|274|116|112|153|406|434|128|699],42,129396,Leo
# , 33,MST V2,[0|439|284|4|461|628|571|681|9|30|406|269|102|184|691|105|331|392|21|23|500|73|458|201|441|246|580|417|307|217|488|106|50|54|678|57|125|552|164|71|403|80|399|436|89|193|452|124|136|622|253|250|537|506|389|321|402|179|548|562|631|204|295|229|267|420|286|292|525|598],19,3910,Leo
. , 34,MST V2,[0|1|326|412|67|5|184|406|351|57|199|352|315|491|107|17|252|377|20|112|467|122|660|26|28|30|458|32|120|506|81|37|263|39|40|150|266|350|601|48|49|51|123|55|56|59|189|68|267|685|452|76|171|621|80|172|110|89|495|690|96|325|417|215|321|243|207|472|119|121|124|489|190|140|155|146|374|411|680|566|334|392|176|173|287|357|178|367|192|195|197|507|209|612|270|227|554|237|257|353|262|274|444|306|309|316|318|341|323|329|335|337|346|498|362|372|409|548|402|448|455|462|469|475|510|514|538|564|582|584|594|641|642|649|653|663|677|681|695|699],13,2215,Leo
0 , 35,MST V2,[603|434|57|348|799],35,486849,Leo
E , 36,MST V2,[693|656|282|754|114|345|748|196|689|799],36,141984,Leo
R , 37,MST V2,[367|608|166|386|329|316|9|617|290|517|498|678|328|289|41|761|768|196|627|598|443|794|301|307|350|79|792|39|40|250|238|212|377|373|59|602|89|764|80|415|679|100|410|482|785|116|352|381|129|356|154|138|142|472|548|631|222|439|206|214|224|359|521|261|605|287|306|323|484|771|420|500|763|599|621|623|642|696|775|788],19,5758,Leo
1 , 38,MST V2,[200|898|814|109|557],41,632151,Leo
D , 39,MST V2,[486|213|380|448|46|814|296|353|351|899],31,390796,Leo
u , 40,MST V2,[335|708|620|383|546|5|803|410|122|319|337|221|280|301|402|336|548|46|21|240|78|567|45|749|216|37|519|168|41|668|131|50|51|719|55|500|471|360|146|226|634|613|80|403|766|576|381|294|91|229|98|543|106|107|886|418|118|127|786|371|591|278|192|595|314|401|171|179|609|204|545|220|396|826|721|242|674|867|557|288|415|377|475|473|598|629|744|783|834|873],17,8032,Leo
/ , 1,Brute Force,[4|8|56|62|77],127,877992,Leo
> , 2,Brute Force,[1|32|50|70|75|94],119,3600001 (TIMEOUT),Leo
= , 3,Brute Force,[0|6|24|47|86|89],120,3600001 (TIMEOUT),Leo
= , 4,Brute Force,[1|3|14|63|75|85],134,3600001 (TIMEOUT),Leo
> , 5,Brute Force,[2|14|26|36|83|95],113,3600001 (TIMEOUT),Leo
; , 6,Brute Force,[0|38|51|81|143],85,3600001 (TIMEOUT),Leo
< , 7,Brute Force,[0|17|48|139|168],81,3600001 (TIMEOUT),Leo
; , 8,Brute Force,[1|3|47|101|133],92,3600001 (TIMEOUT),Leo
: , 9,Brute Force,[46|68|146|181],84,3600001 (TIMEOUT),Leo
> , 10,Brute Force,[0|19|113|172|181],72,3600001 (TIMEOUT),Leo
 , 11,Brute Force,[0|12|140|142],60,3600001 (TIMEOUT),Leo
: , 12,Brute Force,[3|43|167|299],65,3600001 (TIMEOUT),Leo
; , 13,Brute Force,[14|88|104|149],64,3600001 (TIMEOUT),Leo
9 , 14,Brute Force,[19|52|59|85],71,3600001 (TIMEOUT),Leo
; , 15,Brute Force,[22|87|166|218],61,3600001 (TIMEOUT),Leo
7 , 16,Brute Force,[19|24|197],48,3600001 (TIMEOUT),Leo
; , 17,Brute Force,[0|132|275|398],48,3600001 (TIMEOUT),Leo
: , 18,Brute Force,[2|24|237|241],55,3600001 (TIMEOUT),Leo
; , 19,Brute Force,[3|211|377|382],48,3600001 (TIMEOUT),Leo
: , 20,Brute Force,[3|15|123|268],53,3600001 (TIMEOUT),Leo
- , 1,MST V1,[97|67|11|32|95],187,66,Henrique
: , 2,MST V1,[70|4|8|80|72|74|59|66|93|44],119,16,Henrique
< , 3,MST V1,[50|84|95|76|16|25|37|98|65|86],123,19,Henrique
V , 4,MST V1,[95|39|4|6|9|11|23|80|25|88|28|63|34|41|87|52|61|78|82|92],93,15,Henrique
z , 5,MST V1,[0|93|3|4|6|8|50|18|11|12|71|40|20|22|24|25|27|31|74|53|36|37|42|48|52|57|69|79|81|83|84|94|97],51,7,Henrique
1 , 6,MST V1,[110|125|52|15|113],103,168,Henrique
A , 7,MST V1,[143|9|162|179|48|172|182|52|41|103],90,104,Henrique
a , 8,MST V1,[0|128|69|160|188|158|9|64|12|20|190|175|98|34|38|125|45|198|182|193],75,48,Henrique
� , 9,MST V1,[0|17|75|48|108|177|64|18|89|28|20|22|24|113|85|31|133|35|36|38|40|49|128|53|54|57|60|68|79|157|171|87|91|142|165|175|180|191|196|199],46,27,Henrique
 , 10,MST V1,[0|58|2|120|4|151|60|150|84|10|82|86|14|16|18|190|79|140|30|32|35|111|176|41|42|43|44|171|47|48|49|50|63|64|67|68|71|74|80|89|96|97|99|100|105|113|116|122|123|124|127|136|134|143|144|145|147|155|158|165|167|179|182|183|191|192|198],21,50,Henrique
2 , 11,MST V1,[162|145|39|117|223],68,362,Henrique
B , 12,MST V1,[32|206|27|234|82|190|88|94|236|299],69,216,Henrique
� , 13,MST V1,[1|183|17|46|37|222|118|26|270|61|278|97|292|162|44|73|186|70|112|245|84|107|130|91|283|105|124|189|201|243],48,143,Henrique
� , 14,MST V1,[0|15|129|52|284|101|6|153|237|291|11|275|262|111|56|21|22|264|174|73|193|65|195|35|125|278|122|44|90|51|252|59|60|269|207|69|70|250|227|93|170|106|110|192|114|120|121|145|136|137|139|149|175|204|208|258|282|289|293|298],31,85,Henrique
� , 15,MST V1,[0|3|4|5|206|74|9|10|57|16|17|80|123|21|286|23|139|271|26|165|28|31|48|213|35|36|37|204|43|44|45|269|49|50|132|61|56|253|168|65|212|68|91|72|76|78|175|82|245|86|158|98|99|103|104|105|254|203|120|256|125|293|131|134|287|137|140|141|148|156|157|159|160|163|167|298|176|177|178|198|184|188|191|194|201|208|210|214|275|219|220|227|235|240|242|243|247|273|289|295],19,72,Henrique
3 , 16,MST V1,[143|200|29|133|288],68,1049,Henrique
F , 17,MST V1,[154|115|147|316|119|132|265|45|103|399],58,548,Henrique
� , 18,MST V1,[359|32|215|84|230|120|269|323|228|241|19|111|57|308|248|389|336|306|190|61|352|88|96|87|76|226|85|98|322|300|135|165|194|387|225|244|337|374|391|399],38,229,Henrique
C , 19,MST V1,[35|136|28|222|4|46|39|173|247|99|12|13|79|324|19|326|374|25|26|27|31|51|186|120|211|251|38|372|41|48|49|124|272|295|176|59|160|66|70|72|82|75|110|85|183|262|90|359|230|106|107|128|305|133|135|137|310|206|151|154|156|175|351|185|187|191|196|202|205|219|234|337|241|277|265|292|327|342|345|399],21,160,Henrique
 , 20,MST V1,[18|242|330|221|364|333|335|7|25|122|120|70|13|14|179|214|43|392|21|34|160|203|28|198|304|383|33|36|151|395|39|292|185|291|126|391|251|85|55|60|61|63|64|172|287|356|69|181|72|372|74|75|76|77|78|79|227|82|169|86|88|89|90|91|183|97|99|100|101|165|103|104|106|108|111|397|121|124|146|148|136|137|357|162|158|167|173|316|178|182|341|230|191|193|331|195|199|205|212|226|232|238|239|243|246|252|262|263|264|265|270|271|273|275|282|290|297|298|300|320|328|332|337|338|342|347|355|363|366|370|373|389|399],14,138,Henrique
4 , 21,MST V1,[124|422|489|276|383],52,2001,Henrique
F , 22,MST V1,[380|486|444|243|60|108|352|316|94|460],50,1308,Henrique
� , 23,MST V1,[59|135|317|141|301|78|483|387|9|214|383|405|251|163|425|176|27|475|29|471|35|164|40|124|49|92|179|380|493|340|302|419|386|80|356|306|401|341|276|165|182|186|349|415|206|266|422|311|332|346],30,386,Henrique
� , 24,MST V1,[144|132|202|3|6|217|199|272|72|10|164|159|194|314|490|41|317|155|54|412|389|234|392|29|31|32|34|36|114|294|40|44|45|168|436|51|52|281|60|363|338|165|64|94|336|324|150|197|477|249|289|468|362|322|240|120|128|133|134|291|147|297|156|172|185|195|493|200|203|206|421|219|228|246|247|248|253|259|266|268|343|400|369|299|312|330|351|411|358|367|377|385|391|393|435|418|423|481|496|499],18,291,Henrique
� , 25,MST V1,[181|1|361|216|32|129|409|73|8|9|10|11|231|13|395|251|17|18|392|289|297|26|426|360|29|237|31|489|390|130|37|137|336|312|158|43|331|438|329|49|50|133|311|53|55|191|352|84|63|60|391|65|66|67|70|363|75|76|78|79|264|81|82|487|221|91|96|99|101|104|105|106|196|412|114|115|116|118|313|122|123|124|127|186|138|139|142|332|326|146|147|149|151|152|159|161|166|168|172|177|180|182|254|230|194|380|483|200|203|369|211|220|224|227|232|239|240|248|337|258|259|261|265|266|368|276|277|280|284|294|296|298|301|323|308|309|319|325|341|355|362|364|365|366|367|382|384|393|394|416|419|421|422|424|439|445|450|451|452|457|460|463|475|481|494|497|499],13,283,Henrique
3 , 26,MST V1,[418|224|468|86|463],46,4113,Henrique
G , 27,MST V1,[179|191|364|103|15|160|122|521|414|547],44,2006,Henrique
 , 28,MST V1,[0|578|379|81|240|115|165|502|134|10|144|113|534|160|173|393|26|48|443|498|465|93|431|343|35|568|261|197|288|62|49|164|366|255|186|326|329|102|217|199|116|425|525|140|331|147|208|170|254|246|367|373|407|412|462|466|510|594|528|599],23,692,Henrique
� , 29,MST V1,[502|76|2|295|91|548|422|428|80|10|141|216|376|14|156|474|17|318|453|211|105|379|114|120|29|30|31|32|445|52|196|526|158|487|44|313|511|166|411|194|51|74|54|456|525|68|294|63|70|128|124|556|78|79|82|230|585|489|192|366|107|522|110|298|113|117|513|503|133|496|147|225|471|152|174|175|501|181|304|208|260|214|555|276|244|367|255|257|434|263|267|274|281|288|296|338|308|325|552|349|358|359|364|383|388|409|412|425|430|450|463|472|518|531|562|566|576|581|597|599],16,513,Henrique
$ , 30,MST V1,[518|283|136|438|4|195|6|354|8|521|565|470|15|138|18|226|20|183|23|334|55|217|222|543|31|32|490|398|509|89|468|41|196|307|221|439|50|51|53|193|561|571|497|276|192|444|66|512|503|69|530|144|74|427|81|79|483|282|337|92|93|95|96|359|102|130|106|107|108|110|111|115|120|345|423|172|129|176|135|137|142|146|149|564|562|152|153|154|234|156|264|159|160|162|164|165|166|167|171|174|502|177|178|179|181|182|185|186|597|189|191|194|198|430|204|205|206|207|208|213|214|215|343|224|228|230|235|238|573|242|244|248|251|253|254|255|260|262|388|267|271|279|286|290|291|484|303|304|305|315|317|319|324|330|333|532|348|346|450|357|531|369|372|373|379|385|390|393|395|397|400|403|405|406|409|413|419|420|442|455|457|458|459|478|506|507|510|511|514|522|539|544|547|553|558|579|582|589|595|599],10,517,Henrique
3 , 31,MST V1,[50|348|471|245|266],38,5286,Henrique
F , 32,MST V1,[295|101|349|392|87|159|663|81|457|699],37,3160,Henrique
. , 33,MST V1,[0|439|529|276|461|603|571|116|181|30|269|102|283|105|331|122|351|23|79|190|201|504|466|247|580|417|307|217|106|69|54|536|57|125|191|618|164|538|516|399|436|193|91|124|136|622|253|552|250|324|138|297|321|402|179|464|212|322|229|267|420|286|292|338|413|456|525|598|639|646],21,925,Henrique
5 , 34,MST V1,[0|1|326|412|67|5|184|406|351|57|199|499|315|94|107|17|698|377|20|112|467|239|660|26|313|30|458|127|120|110|434|37|263|39|40|150|266|350|436|48|49|51|54|55|56|541|189|366|70|685|452|76|171|342|80|172|89|495|97|579|179|215|378|207|472|565|505|226|612|121|124|489|267|139|140|155|392|474|411|680|161|334|176|173|287|357|178|367|192|195|197|203|507|270|336|554|237|257|353|260|262|265|498|306|309|316|318|323|329|335|337|346|359|362|409|548|615|413|414|432|446|448|455|462|469|475|487|504|510|514|564|582|641|646|650|653|663|677|681|699],14,1011,Henrique
2 , 35,MST V1,[31|522|99|241|629],36,7223,Henrique
G , 36,MST V1,[84|130|703|143|619|221|308|682|400|799],37,5458,Henrique
U , 37,MST V1,[0|608|795|386|329|84|134|190|468|662|518|498|639|703|289|41|716|768|196|314|368|793|28|77|31|213|79|39|293|170|379|339|377|358|373|743|168|89|566|80|604|596|565|679|100|627|495|482|593|116|395|381|125|356|787|391|138|472|439|206|214|222|224|521|360|605|352|354|306|323|771|500|599|621|642|654|696|740|775|788],20,1422,Henrique
5 , 38,MST V1,[198|243|780|705|899],34,23085,Henrique
G , 39,MST V1,[113|218|703|448|470|405|450|19|353|899],31,8439,Henrique
y , 40,MST V1,[335|266|620|3|294|5|154|33|70|319|337|177|280|617|107|336|367|46|21|240|766|571|45|652|180|37|519|41|301|456|489|745|673|307|55|500|471|283|60|866|634|71|221|124|555|351|297|432|92|439|228|819|271|217|886|418|163|219|312|258|371|591|192|567|452|400|171|609|545|220|668|647|472|721|242|867|631|284|415|377|398|475|528|473|491|542|629|783|834|873],17,2118,Henrique
, , 1,MST V2,[8|56|39|90|65],156,91,Henrique
; , 2,MST V2,[36|95|8|80|72|74|59|67|33|44],118,46,Henrique
< , 3,MST V2,[50|36|12|76|19|46|25|98|65|86],116,41,Henrique
U , 4,MST V2,[1|39|4|6|9|11|23|80|25|88|28|63|34|41|48|86|61|78|82|92],87,24,Henrique
| , 5,MST V2,[0|93|3|43|71|6|8|95|18|11|12|40|20|22|24|25|27|31|74|53|36|37|42|48|52|57|69|79|81|83|84|94|97],49,13,Henrique
1 , 6,MST V2,[144|43|12|58|146],111,2067,Henrique
B , 7,MST V2,[130|9|162|179|65|55|182|142|41|103],77,1105,Henrique
d , 8,MST V2,[158|128|69|160|28|63|12|132|20|137|175|98|125|38|45|50|65|198|193|199],68,398,Henrique
� , 9,MST V2,[0|43|120|100|66|177|181|18|89|28|17|20|22|24|113|85|31|33|35|36|38|40|47|49|128|53|54|57|60|69|157|87|97|142|165|175|180|188|191|199],42,105,Henrique
 , 10,MST V2,[54|31|2|3|4|151|60|150|84|10|38|86|14|16|18|71|79|25|120|140|128|30|32|35|176|41|42|43|44|171|47|48|49|50|61|63|64|67|68|74|80|89|96|97|105|113|116|122|123|124|127|136|134|143|144|145|147|155|158|165|167|179|182|191|192|198|199],21,56,Henrique
4 , 11,MST V2,[159|117|58|146|230],71,16187,Henrique
E , 12,MST V2,[188|206|137|239|25|209|70|83|238|299],65,3372,Henrique
� , 13,MST V2,[1|261|17|185|37|273|298|25|211|270|278|22|29|146|111|38|92|73|186|62|70|245|84|107|130|91|283|105|137|243],45,577,Henrique
� , 14,MST V2,[0|15|129|52|284|101|6|49|237|85|11|275|262|111|281|21|22|195|264|174|186|65|35|278|115|44|90|51|252|59|60|269|132|207|69|106|250|227|153|93|273|170|110|192|114|120|121|136|137|139|149|175|204|208|258|274|282|292|293|298],29,148,Henrique
� , 15,MST V2,[0|3|4|5|206|74|9|10|57|16|17|80|123|21|22|23|139|271|26|165|28|31|48|213|35|36|37|204|43|44|45|269|49|50|132|61|56|253|64|65|212|68|91|72|76|78|175|82|245|86|158|98|99|103|104|254|203|120|256|125|293|131|134|287|137|140|141|148|156|157|159|160|163|167|298|176|177|178|179|198|184|188|191|194|201|208|210|214|275|219|220|227|235|240|242|243|247|273|289|295],19,97,Henrique
1 , 16,MST V2,[20|209|6|13|249],60,27696,Henrique
H , 17,MST V2,[127|385|342|91|359|202|198|132|183|266],54,10506,Henrique
� , 18,MST V2,[359|211|215|84|230|269|231|13|258|322|341|190|57|320|356|248|389|332|113|306|52|131|307|88|96|219|203|85|324|120|98|308|173|194|395|225|244|301|391|399],37,1060,Henrique
H , 19,MST V2,[227|136|28|222|4|46|39|173|247|99|12|13|79|324|300|326|374|25|26|27|31|51|186|120|211|251|38|372|58|48|49|124|272|295|176|179|375|70|82|75|110|85|183|262|90|359|230|106|107|128|305|133|135|137|310|206|151|154|156|160|175|351|185|187|191|194|196|202|205|234|337|241|393|265|266|292|327|342|345|399],21,274,Henrique
 , 20,MST V2,[18|242|330|221|4|333|335|7|25|122|120|70|13|14|179|215|43|21|34|160|203|28|198|304|383|33|36|151|395|39|292|185|291|126|391|251|85|55|60|61|63|64|172|287|356|69|181|72|372|74|75|76|77|78|79|227|82|169|86|88|89|90|91|183|97|99|100|101|165|103|104|106|108|111|397|116|121|124|146|148|136|158|357|162|167|173|316|178|182|341|230|191|193|331|195|199|205|212|226|232|238|239|243|246|252|262|263|264|265|270|271|273|275|282|283|290|297|298|300|320|328|332|337|338|342|347|355|363|366|370|373|389|399],14,165,Henrique
4 , 21,MST V2,[269|126|55|160|232],51,61079,Henrique
E , 22,MST V2,[276|245|8|44|316|489|352|377|94|460],50,39416,Henrique
� , 23,MST V2,[204|135|217|141|388|78|483|387|9|107|383|23|405|163|425|452|27|29|471|59|183|466|415|46|436|49|55|309|179|380|313|340|302|419|386|80|356|306|110|370|341|276|165|182|349|206|482|311|332|346],29,1569,Henrique
� , 24,MST V2,[144|132|201|3|6|217|7|272|72|10|164|14|327|314|155|41|317|24|487|269|234|392|29|31|32|181|36|110|294|40|199|44|45|168|436|51|52|60|363|338|64|94|336|324|121|484|477|227|249|289|111|322|98|101|120|142|123|128|133|291|147|297|383|156|162|211|172|185|195|200|203|345|421|219|325|226|228|246|248|253|259|263|266|268|400|369|299|312|330|411|358|367|377|391|393|435|415|418|423|499],18,680,Henrique
� , 25,MST V2,[181|1|361|216|32|129|409|74|9|10|11|231|395|251|17|18|392|23|297|26|339|360|29|30|31|489|390|130|37|137|336|312|158|43|331|438|329|49|50|133|311|53|55|191|352|84|63|60|391|65|66|67|70|363|75|215|78|79|264|81|82|487|221|91|96|99|101|104|105|106|196|412|114|115|116|118|313|122|123|124|127|186|138|139|142|332|469|146|147|149|151|152|159|161|166|168|172|177|180|182|254|230|194|380|483|200|203|369|211|220|224|227|232|236|239|240|248|337|258|259|261|265|266|368|276|277|284|286|294|296|298|301|323|308|309|319|325|341|355|362|364|365|366|367|378|384|393|394|416|419|421|422|424|439|445|450|451|452|457|460|463|467|475|481|494|497|499],12,433,Henrique
6 , 26,MST V2,[294|201|285|157|462],46,148697,Henrique
H , 27,MST V2,[323|164|596|344|556|329|579|229|45|232],42,81522,Henrique
 , 28,MST V2,[35|578|379|98|240|115|165|502|323|10|350|113|534|258|173|45|393|25|527|443|85|43|93|431|67|36|79|197|585|577|396|49|50|271|186|474|366|521|329|104|595|399|102|217|199|378|147|170|208|235|246|425|452|367|373|412|462|466|552|599],22,2309,Henrique
� , 29,MST V2,[155|76|350|295|91|548|494|8|583|10|11|216|376|14|156|389|17|318|116|211|105|379|120|29|30|31|32|213|52|196|526|158|487|44|313|254|166|411|194|192|122|456|525|57|143|294|63|70|128|124|556|146|79|87|82|230|368|489|515|366|107|522|110|111|113|114|115|117|245|513|503|133|496|147|225|152|160|175|501|181|304|208|260|555|235|244|367|255|257|434|263|267|274|281|288|296|338|308|471|552|358|359|383|388|396|409|412|425|430|450|463|472|518|531|562|566|576|581|597|599],15,821,Henrique
 , 30,MST V2,[518|283|136|438|4|195|6|354|8|521|565|470|15|138|18|226|20|183|23|334|337|217|222|543|31|32|490|398|509|89|40|41|196|307|221|439|50|51|53|193|561|571|497|276|280|444|66|67|503|69|70|144|74|427|81|79|483|282|92|93|96|359|102|130|106|107|108|110|111|114|115|116|120|122|423|172|129|176|135|137|142|146|149|564|562|152|153|154|234|156|264|160|162|164|165|166|167|171|174|502|177|178|179|182|185|186|597|189|191|194|198|430|204|205|206|207|208|213|214|215|343|224|228|230|235|238|573|242|244|246|248|251|316|254|255|260|262|388|267|278|279|286|290|484|303|304|305|315|317|319|530|324|330|333|532|348|524|450|357|531|369|373|379|385|390|393|395|397|400|403|405|406|409|418|419|420|442|455|457|458|459|478|496|504|506|507|510|511|514|522|539|544|547|553|557|558|582|589|595|599],10,495,Henrique
5 , 31,MST V2,[50|225|417|629|506],35,324548,Henrique
J , 32,MST V2,[450|398|274|116|112|153|406|434|128|699],42,126364,Henrique
( , 33,MST V2,[0|439|284|4|461|628|571|681|9|30|406|269|102|184|691|105|331|392|21|23|500|73|458|201|441|246|580|417|307|217|488|106|50|54|678|57|125|552|164|71|403|80|399|436|89|193|452|124|136|622|253|250|537|506|389|321|402|179|548|562|631|204|295|229|267|420|286|292|525|598],19,2406,Henrique
3 , 34,MST V2,[0|1|326|412|67|5|184|406|351|57|199|352|315|491|107|17|252|377|20|112|467|122|660|26|28|30|458|32|120|506|81|37|263|39|40|150|266|350|601|48|49|51|123|55|56|59|189|68|267|685|452|76|171|621|80|172|110|89|495|690|96|325|417|215|321|243|207|472|119|121|124|489|190|140|155|146|374|411|680|566|334|392|176|173|287|357|178|367|192|195|197|507|209|612|270|227|554|237|257|353|262|274|444|306|309|316|318|341|323|329|335|337|346|498|362|372|409|548|402|448|455|462|469|475|510|514|538|564|582|584|594|641|642|649|653|663|677|681|695|699],13,1243,Henrique
5 , 35,MST V2,[603|434|57|348|799],35,538776,Henrique
J , 36,MST V2,[693|656|282|754|114|345|748|196|689|799],36,146889,Henrique
W , 37,MST V2,[367|608|166|386|329|316|9|617|290|517|498|678|328|289|41|761|768|196|627|598|443|794|301|307|350|79|792|39|40|250|238|212|377|373|59|602|89|764|80|415|679|100|410|482|785|116|352|381|129|356|154|138|142|472|548|631|222|439|206|214|224|359|521|261|605|287|306|323|484|771|420|500|763|599|621|623|642|696|775|788],19,4529,Henrique
6 , 38,MST V2,[200|898|814|109|557],41,673936,Henrique
I , 39,MST V2,[486|213|380|448|46|814|296|353|351|899],31,448286,Henrique
z , 40,MST V2,[335|708|620|383|546|5|803|410|122|319|337|221|280|301|402|336|548|46|21|240|78|567|45|749|216|37|519|168|41|668|131|50|51|719|55|500|471|360|146|226|634|613|80|403|766|576|381|294|91|229|98|543|106|107|886|418|118|127|786|371|591|278|192|595|314|401|171|179|609|204|545|220|396|826|721|242|674|867|557|288|415|377|475|473|598|629|744|783|834|873],17,6699,Henrique
; , 21,Brute Force,[1|168|329|394],42,3600001 (TIMEOUT),Leo
: , 22,Brute Force,[0|85|283|459],49,3600001 (TIMEOUT),Leo
: , 23,Brute Force,[2|21|423|441],45,3600001 (TIMEOUT),Leo
; , 24,Brute Force,[1|144|202|313],45,3600001 (TIMEOUT),Leo
8 , 25,Brute Force,[51|150|342],49,3600001 (TIMEOUT),Leo
9 , 26,Brute Force,[0|20|43|386],41,3600001 (TIMEOUT),Leo
7 , 27,Brute Force,[57|74|294],39,3600001 (TIMEOUT),Leo
9 , 28,Brute Force,[145|323|599],40,3600001 (TIMEOUT),Leo
: , 29,Brute Force,[0|23|270|297],40,3600001 (TIMEOUT),Leo
: , 30,Brute Force,[0|46|314|317],43,3600001 (TIMEOUT),Leo
8 , 31,Brute Force,[12|292|361],33,3600001 (TIMEOUT),Leo
7 , 32,Brute Force,[1|355|699],39,3600001 (TIMEOUT),Leo
7 , 33,Brute Force,[2|143|164],35,3600001 (TIMEOUT),Leo
9 , 34,Brute Force,[223|694|699],38,3600001 (TIMEOUT),Leo
8 , 35,Brute Force,[32|128|343],33,3600001 (TIMEOUT),Leo
8 , 36,Brute Force,[20|649|799],36,3600001 (TIMEOUT),Leo
8 , 37,Brute Force,[20|108|305],35,3600001 (TIMEOUT),Leo
8 , 38,Brute Force,[22|201|899],33,3600001 (TIMEOUT),Leo
8 , 39,Brute Force,[16|346|899],31,3600001 (TIMEOUT),Leo
7 , 40,Brute Force,[24|71|188],31,3600001 (TIMEOUT),Leo
